{
  "episode_rewards": [
    -21.0,
    -21.0,
    -20.0,
    -21.0,
    -20.0,
    -21.0,
    -19.0,
    -18.0,
    -21.0,
    -19.0,
    -21.0,
    -21.0,
    -20.0,
    -20.0,
    -19.0,
    -21.0,
    -19.0,
    -21.0,
    -20.0,
    -21.0,
    -21.0,
    -21.0,
    -21.0,
    -20.0,
    -21.0,
    -21.0,
    -21.0,
    -21.0,
    -19.0,
    -21.0,
    -21.0,
    -21.0,
    -21.0,
    -21.0,
    -21.0,
    -21.0,
    -19.0,
    -19.0,
    -19.0,
    -21.0,
    -21.0,
    -21.0,
    -19.0,
    -21.0,
    -21.0,
    -21.0,
    -21.0,
    -21.0,
    -20.0,
    -21.0,
    -20.0,
    -21.0,
    -19.0,
    -21.0,
    -20.0,
    -21.0,
    -21.0,
    -21.0,
    -21.0,
    -21.0,
    -21.0,
    -21.0,
    -20.0,
    -21.0,
    -21.0,
    -21.0,
    -21.0,
    -21.0,
    -21.0,
    -21.0,
    -20.0,
    -19.0,
    -20.0,
    -21.0,
    -21.0,
    -21.0,
    -20.0,
    -21.0,
    -21.0,
    -20.0,
    -21.0,
    -20.0,
    -20.0,
    -21.0,
    -21.0,
    -21.0,
    -21.0,
    -21.0,
    -21.0,
    -20.0,
    -21.0,
    -21.0,
    -21.0,
    -21.0,
    -20.0,
    -21.0,
    -21.0,
    -21.0,
    -21.0,
    -20.0
  ],
  "episode_lengths": [
    764,
    792,
    931,
    1005,
    1009,
    1018,
    1119,
    1153,
    901,
    1097,
    940,
    885,
    913,
    964,
    993,
    995,
    1002,
    845,
    906,
    882,
    854,
    1037,
    1039,
    1041,
    945,
    870,
    870,
    885,
    1016,
    853,
    853,
    852,
    810,
    845,
    886,
    948,
    997,
    1026,
    1009,
    974,
    792,
    988,
    1000,
    912,
    854,
    1106,
    764,
    792,
    1051,
    793,
    1045,
    821,
    1060,
    1009,
    964,
    910,
    970,
    764,
    914,
    840,
    854,
    1057,
    1041,
    874,
    852,
    764,
    792,
    881,
    764,
    764,
    1020,
    1008,
    898,
    853,
    764,
    792,
    1042,
    822,
    916,
    904,
    792,
    902,
    871,
    782,
    919,
    843,
    886,
    852,
    844,
    1020,
    764,
    884,
    979,
    826,
    1033,
    1000,
    961,
    940,
    824,
    930
  ],
  "average_rewards": [
    -21.0,
    -21.0,
    -20.666666666666668,
    -20.75,
    -20.6,
    -20.666666666666668,
    -20.428571428571427,
    -20.125,
    -20.22222222222222,
    -20.1,
    -20.181818181818183,
    -20.25,
    -20.23076923076923,
    -20.214285714285715,
    -20.133333333333333,
    -20.1875,
    -20.11764705882353,
    -20.166666666666668,
    -20.157894736842106,
    -20.2,
    -20.238095238095237,
    -20.272727272727273,
    -20.304347826086957,
    -20.291666666666668,
    -20.32,
    -20.346153846153847,
    -20.37037037037037,
    -20.392857142857142,
    -20.344827586206897,
    -20.366666666666667,
    -20.387096774193548,
    -20.40625,
    -20.424242424242426,
    -20.441176470588236,
    -20.457142857142856,
    -20.47222222222222,
    -20.43243243243243,
    -20.394736842105264,
    -20.358974358974358,
    -20.375,
    -20.390243902439025,
    -20.404761904761905,
    -20.372093023255815,
    -20.386363636363637,
    -20.4,
    -20.41304347826087,
    -20.425531914893618,
    -20.4375,
    -20.428571428571427,
    -20.44,
    -20.431372549019606,
    -20.442307692307693,
    -20.41509433962264,
    -20.425925925925927,
    -20.418181818181818,
    -20.428571428571427,
    -20.43859649122807,
    -20.448275862068964,
    -20.45762711864407,
    -20.466666666666665,
    -20.475409836065573,
    -20.483870967741936,
    -20.476190476190474,
    -20.484375,
    -20.49230769230769,
    -20.5,
    -20.507462686567163,
    -20.514705882352942,
    -20.52173913043478,
    -20.52857142857143,
    -20.52112676056338,
    -20.5,
    -20.493150684931507,
    -20.5,
    -20.506666666666668,
    -20.513157894736842,
    -20.506493506493506,
    -20.512820512820515,
    -20.518987341772153,
    -20.5125,
    -20.51851851851852,
    -20.51219512195122,
    -20.50602409638554,
    -20.511904761904763,
    -20.51764705882353,
    -20.523255813953487,
    -20.528735632183906,
    -20.53409090909091,
    -20.53932584269663,
    -20.533333333333335,
    -20.53846153846154,
    -20.543478260869566,
    -20.548387096774192,
    -20.5531914893617,
    -20.54736842105263,
    -20.552083333333332,
    -20.556701030927837,
    -20.56122448979592,
    -20.565656565656564,
    -20.56
  ],
  "losses": [
    0.033442479395521765,
    0.03298811446426788,
    0.0317338528111577,
    0.0317127390833434,
    0.03170228982066539,
    0.031903326276487905,
    0.03204407222488875,
    0.03226495364437933,
    0.029073734328431904,
    0.028917956346800465,
    0.029683447613361034,
    0.029290350042494005,
    0.02907487469330544,
    0.02827840363336302,
    0.02789015325174591,
    0.027251654444028384,
    0.02645720624757146,
    0.025919930010857666,
    0.025731025942114016,
    0.02567501119475246,
    0.02643825961778538,
    0.02531150497833811,
    0.026061799689137785,
    0.02643962371933357,
    0.02567318003013651,
    0.025873511241770338,
    0.026251025446530046,
    0.026053533816741685,
    0.0258126788017318,
    0.026818408531432695,
    0.02521199991561883,
    0.025044064872631444,
    0.021600817180710073,
    0.021515576567875564,
    0.020540886501829995,
    0.019179134342803734,
    0.01874236539080963,
    0.01822047180461663,
    0.016704988784947764,
    0.01629408210844903,
    0.015447249396167921,
    0.015784565235397625,
    0.015976728868670763,
    0.016125253927608003,
    0.015875890490051524,
    0.01539554597075631,
    0.015204635913196112,
    0.01432759750686172,
    0.014879406251272029,
    0.014043317991455672,
    0.01388207054585575,
    0.014419728330814084,
    0.013668019262160052,
    0.01433166948205268,
    0.014116437935185352,
    0.013174814065140518,
    0.012795190727722245,
    0.01292960674999311,
    0.012872580962084414,
    0.01274778876575597,
    0.012346149861716624,
    0.012022316599900894,
    0.011728604134945171,
    0.012184908630611967,
    0.012217302801756477,
    0.010862929019369964,
    0.011435072863182861,
    0.011488057096847137,
    0.011799776069673647,
    0.01164792601448235,
    0.01111436555545558,
    0.011091606997300886,
    0.011121392461630974,
    0.01125997541841351,
    0.010474899739846198,
    0.010786707905789067,
    0.010779998304533295,
    0.010725817949014858,
    0.010433687405522474,
    0.010744798182616982,
    0.010863047483555897,
    0.011463696731795493,
    0.010549407961311078,
    0.010718980968436775,
    0.010956891967435656,
    0.011190821327189534,
    0.011367440530630858,
    0.011470069379125997,
    0.010949063194822962,
    0.011293139805852928,
    0.010857267108994552,
    0.010976376820026952,
    0.010624467641157046,
    0.01127558718514392,
    0.011130729641058525,
    0.011277861419599503,
    0.010921836400387129,
    0.010885576738361666,
    0.010565065625643593,
    0.010312800746791626
  ],